Workbook

Sheet Listas
A1: Aplicaciones | B1: Likert | C1: Valor
A2: Mi App Auna | B2: Totalmente en desacuerdo | C2: 1
A3: Aunados | B3: En desacuerdo | C3: 2
A4: Aunados - Facturación | B4: Ni de acuerdo ni en desacuerdo | C4: 3
A5: Aunados – Hospitalización | B5: De acuerdo | C5: 4
A6: Aunados – Devoluciones | B6: Totalmente de acuerdo | C6: 5
A7: Ecommerce Salud
A8: Teleconsultas
A9: Membresías Perú
A10: Auna.org
A11: Laboratorio B2B

Sheet Cuestionario Capacidades
A1: Cuestionario de Capacidades DORA Core
A2: Encuesta Likert · Basado en dora.dev/research (2022–2025) · Selecciona opciones desde los combos
A4: DATOS DEL EVALUADOR
A5: Nombre completo
A6: Aplicación / Servicio ▼
A8: AFIRMACIONES POR CAPACIDAD (escala Likert)
A9: Capacidad | B9: Afirmación | C9: Respuesta ▼ | D9: Valor | E9: Fuente DORA
A10: Mantenibilidad del código | B10: Es fácil para el equipo encontrar ejemplos en el código base, reutilizar código de otros y modificar código mantenido por otros equipos si es necesario. | D10: =IF(C10="","",INDEX(Listas!$C$2:$C$6,MATCH(C10,Listas!$B$2:$B$6,0))) | E10: DORA Capabilities Research
B11: Es fácil para el equipo agregar nuevas dependencias a su proyecto y migrar a una nueva versión de una dependencia. | D11: =IF(C11="","",INDEX(Listas!$C$2:$C$6,MATCH(C11,Listas!$B$2:$B$6,0)))
B12: Las dependencias del equipo son estables y rara vez rompen el código. | D12: =IF(C12="","",INDEX(Listas!$C$2:$C$6,MATCH(C12,Listas!$B$2:$B$6,0)))
A14: Entrega continua | B14: El feedback rápido sobre la calidad y desplegabilidad del sistema está disponible para cualquier persona del equipo. | D14: =IF(C14="","",INDEX(Listas!$C$2:$C$6,MATCH(C14,Listas!$B$2:$B$6,0))) | E14: DORA Research 2022 — Continuous Delivery
B15: Mi equipo prioriza mantener el software desplegable por encima de trabajar en nuevas funcionalidades. | D15: =IF(C15="","",INDEX(Listas!$C$2:$C$6,MATCH(C15,Listas!$B$2:$B$6,0)))
B16: Nuestro software se mantiene en un estado desplegable a lo largo de todo su ciclo de vida. | D16: =IF(C16="","",INDEX(Listas!$C$2:$C$6,MATCH(C16,Listas!$B$2:$B$6,0)))
B17: Podemos desplegar nuestro sistema a producción, o a los usuarios finales, en cualquier momento y bajo demanda. | D17: =IF(C17="","",INDEX(Listas!$C$2:$C$6,MATCH(C17,Listas!$B$2:$B$6,0)))
A19: Integración continua | B19: Los builds y tests automatizados se ejecutan con éxito todos los días. | D19: =IF(C19="","",INDEX(Listas!$C$2:$C$6,MATCH(C19,Listas!$B$2:$B$6,0))) | E19: DORA Research 2022 — Continuous Integration
B20: Los fallos en tests automatizados bloquearán el avance de un commit en el pipeline. | D20: =IF(C20="","",INDEX(Listas!$C$2:$C$6,MATCH(C20,Listas!$B$2:$B$6,0)))
B21: Los commits de código activan una serie de tests automatizados. | D21: =IF(C21="","",INDEX(Listas!$C$2:$C$6,MATCH(C21,Listas!$B$2:$B$6,0)))
B22: Los commits de código resultan en un build automatizado del software. | D22: =IF(C22="","",INDEX(Listas!$C$2:$C$6,MATCH(C22,Listas!$B$2:$B$6,0)))
A24: Gestión de cambios en base de datos | B24: Todos los cambios de base de datos se almacenan en control de versiones junto con el código de aplicación. | D24: =IF(C24="","",INDEX(Listas!$C$2:$C$6,MATCH(C24,Listas!$B$2:$B$6,0))) | E24: DORA Capabilities Research
B25: Existe una herramienta que registra qué cambios de base de datos se han ejecutado en cada entorno. | D25: =IF(C25="","",INDEX(Listas!$C$2:$C$6,MATCH(C25,Listas!$B$2:$B$6,0)))
B26: Los cambios de esquema de base de datos se prueban contra datos similares a producción antes del despliegue. | D26: =IF(C26="","",INDEX(Listas!$C$2:$C$6,MATCH(C26,Listas!$B$2:$B$6,0)))
A28: Automatización de despliegues | B28: Cualquier persona con las credenciales necesarias puede desplegar cualquier versión a cualquier entorno de forma totalmente automatizada. | D28: =IF(C28="","",INDEX(Listas!$C$2:$C$6,MATCH(C28,Listas!$B$2:$B$6,0))) | E28: DORA Capabilities Research
B29: Utilizamos el mismo proceso de despliegue para todos los entornos, incluida producción. | D29: =IF(C29="","",INDEX(Listas!$C$2:$C$6,MATCH(C29,Listas!$B$2:$B$6,0)))
B30: Utilizamos los mismos paquetes para todos los entornos, manteniendo la configuración específica separada. | D30: =IF(C30="","",INDEX(Listas!$C$2:$C$6,MATCH(C30,Listas!$B$2:$B$6,0)))
A32: Calidad de documentación | B32: Puedo confiar en nuestra documentación técnica cuando necesito usar o trabajar con los servicios o aplicaciones en los que trabajo. | D32: =IF(C32="","",INDEX(Listas!$C$2:$C$6,MATCH(C32,Listas!$B$2:$B$6,0))) | E32: DORA Research 2022 — Documentation
B33: Es fácil encontrar el documento técnico correcto cuando necesito entender algo sobre los servicios o aplicaciones en los que trabajo. | D33: =IF(C33="","",INDEX(Listas!$C$2:$C$6,MATCH(C33,Listas!$B$2:$B$6,0)))
B34: La documentación técnica se actualiza cuando se realizan cambios. | D34: =IF(C34="","",INDEX(Listas!$C$2:$C$6,MATCH(C34,Listas!$B$2:$B$6,0)))
B35: La documentación técnica refleja correctamente las capacidades y requisitos del servicio o aplicación principal en el que trabajo. | D35: =IF(C35="","",INDEX(Listas!$C$2:$C$6,MATCH(C35,Listas!$B$2:$B$6,0)))
A37: Empoderar equipos para elegir herramientas | B37: Nuestro equipo puede seleccionar herramientas que mejor se adapten a sus necesidades dentro de directrices organizacionales. | D37: =IF(C37="","",INDEX(Listas!$C$2:$C$6,MATCH(C37,Listas!$B$2:$B$6,0))) | E37: DORA Capabilities Research
B38: Se nos anima a experimentar con nuevas herramientas y compartir aprendizajes con otros equipos. | D38: =IF(C38="","",INDEX(Listas!$C$2:$C$6,MATCH(C38,Listas!$B$2:$B$6,0)))
B39: Existe un proceso documentado para evaluar y adoptar nuevas tecnologías fuera del conjunto base de herramientas. | D39: =IF(C39="","",INDEX(Listas!$C$2:$C$6,MATCH(C39,Listas!$B$2:$B$6,0)))
A41: Infraestructura flexible | B41: Puedo aumentar o disminuir dinámicamente los recursos en la nube disponibles para el servicio o producto que principalmente soporto según la demanda. | D41: =IF(C41="","",INDEX(Listas!$C$2:$C$6,MATCH(C41,Listas!$B$2:$B$6,0))) | E41: DORA Research 2022 — Cloud Computing
B42: Puedo monitorear o controlar la cantidad y/o el costo de los recursos en la nube utilizados por el servicio o producto que principalmente soporto. | D42: =IF(C42="","",INDEX(Listas!$C$2:$C$6,MATCH(C42,Listas!$B$2:$B$6,0)))
B43: Una vez que tengo acceso, puedo aprovisionar y configurar de forma independiente los recursos y capacidades en la nube requeridos para mi producto o servicio bajo demanda, sin crear tickets ni requerir interacción humana. | D43: =IF(C43="","",INDEX(Listas!$C$2:$C$6,MATCH(C43,Listas!$B$2:$B$6,0)))
B44: La nube en la que corre mi producto o servicio atiende a múltiples equipos y aplicaciones, con recursos de cómputo e infraestructura asignados y reasignados dinámicamente según la demanda. | D44: =IF(C44="","",INDEX(Listas!$C$2:$C$6,MATCH(C44,Listas!$B$2:$B$6,0)))
A46: Cultura organizacional generativa | B46: La colaboración entre funciones (cross-functional) es alentada y recompensada. | D46: =IF(C46="","",INDEX(Listas!$C$2:$C$6,MATCH(C46,Listas!$B$2:$B$6,0))) | E46: DORA Research 2022 — Generative Organizational Culture
B47: Los fallos se tratan principalmente como oportunidades para mejorar el sistema. | D47: =IF(C47="","",INDEX(Listas!$C$2:$C$6,MATCH(C47,Listas!$B$2:$B$6,0)))
B48: A los mensajeros no se les castiga cuando entregan noticias de fallos u otras malas noticias. | D48: =IF(C48="","",INDEX(Listas!$C$2:$C$6,MATCH(C48,Listas!$B$2:$B$6,0)))
B49: Las nuevas ideas son bienvenidas. | D49: =IF(C49="","",INDEX(Listas!$C$2:$C$6,MATCH(C49,Listas!$B$2:$B$6,0)))
A51: Satisfacción laboral | B51: Tengo las herramientas y recursos necesarios para realizar mi trabajo de forma efectiva. | D51: =IF(C51="","",INDEX(Listas!$C$2:$C$6,MATCH(C51,Listas!$B$2:$B$6,0))) | E51: DORA Capabilities Research
B52: Mi criterio y experiencia son valorados al tomar decisiones técnicas. | D52: =IF(C52="","",INDEX(Listas!$C$2:$C$6,MATCH(C52,Listas!$B$2:$B$6,0)))
B53: Es probable que recomiende a mi equipo como un buen lugar para trabajar a un amigo o colega. | D53: =IF(C53="","",INDEX(Listas!$C$2:$C$6,MATCH(C53,Listas!$B$2:$B$6,0)))
A55: Equipos débilmente acoplados | B55: Mi equipo puede desplegar y liberar nuestro producto o servicio bajo demanda, de forma independiente de otros servicios de los que dependemos. | D55: =IF(C55="","",INDEX(Listas!$C$2:$C$6,MATCH(C55,Listas!$B$2:$B$6,0))) | E55: DORA Research 2022 — Architecture
B56: En mi equipo, podemos hacer cambios de gran escala en el diseño de nuestro sistema sin crear trabajo significativo para otros equipos. | D56: =IF(C56="","",INDEX(Listas!$C$2:$C$6,MATCH(C56,Listas!$B$2:$B$6,0)))
B57: En mi equipo, podemos hacer cambios de gran escala en el diseño de nuestro sistema sin depender de que otros equipos hagan cambios en sus sistemas. | D57: =IF(C57="","",INDEX(Listas!$C$2:$C$6,MATCH(C57,Listas!$B$2:$B$6,0)))
B58: Podemos realizar la mayor parte de nuestras pruebas bajo demanda, sin requerir un entorno de pruebas integrado. | D58: =IF(C58="","",INDEX(Listas!$C$2:$C$6,MATCH(C58,Listas!$B$2:$B$6,0)))
A60: Monitoreo y observabilidad | B60: Sé cuál fue la confiabilidad real en el periodo más reciente. | D60: =IF(C60="","",INDEX(Listas!$C$2:$C$6,MATCH(C60,Listas!$B$2:$B$6,0))) | E60: DORA Research 2022 — Reliability
B61: Tiene objetivos de confiabilidad bien definidos (como SLAs/SLOs) que se comunican claramente entre el equipo y a los clientes. | D61: =IF(C61="","",INDEX(Listas!$C$2:$C$6,MATCH(C61,Listas!$B$2:$B$6,0)))
B62: Mi equipo revisa y ajusta regularmente los objetivos de confiabilidad basándose en evidencia. | D62: =IF(C62="","",INDEX(Listas!$C$2:$C$6,MATCH(C62,Listas!$B$2:$B$6,0)))
B63: Cuando no cumplimos nuestros objetivos de confiabilidad, realizamos trabajo de mejora y/o re-priorizamos. | D63: =IF(C63="","",INDEX(Listas!$C$2:$C$6,MATCH(C63,Listas!$B$2:$B$6,0)))
A65: Seguridad integrada | B65: En mi empresa, el protocolo de seguridad de software está integrado de forma transparente en nuestro proceso de desarrollo. | D65: =IF(C65="","",INDEX(Listas!$C$2:$C$6,MATCH(C65,Listas!$B$2:$B$6,0))) | E65: DORA Research 2022 — Security
B66: En mi empresa, tenemos un proceso estandarizado para abordar la seguridad de software en todos los proyectos. | D66: =IF(C66="","",INDEX(Listas!$C$2:$C$6,MATCH(C66,Listas!$B$2:$B$6,0)))
B67: Se realiza revisión de seguridad para todas las funcionalidades principales de las aplicaciones en las que trabajo. | D67: =IF(C67="","",INDEX(Listas!$C$2:$C$6,MATCH(C67,Listas!$B$2:$B$6,0)))
B68: Las pruebas de seguridad se ejecutan temprano en el proceso de desarrollo de software, ya sea por mí o por otro equipo. | D68: =IF(C68="","",INDEX(Listas!$C$2:$C$6,MATCH(C68,Listas!$B$2:$B$6,0)))
A70: Agilizar aprobación de cambios | B70: Los cambios se aprueban mediante revisiones entre pares durante el desarrollo, en lugar de procesos de aprobación externos extensos. | D70: =IF(C70="","",INDEX(Listas!$C$2:$C$6,MATCH(C70,Listas!$B$2:$B$6,0))) | E70: DORA Capabilities Research
B71: Las pruebas automatizadas y la integración continua detectan cambios defectuosos temprano en el ciclo de vida. | D71: =IF(C71="","",INDEX(Listas!$C$2:$C$6,MATCH(C71,Listas!$B$2:$B$6,0)))
B72: Podemos implementar mejoras menores sin pasar por procesos burocráticos prolongados de aprobación de cambios. | D72: =IF(C72="","",INDEX(Listas!$C$2:$C$6,MATCH(C72,Listas!$B$2:$B$6,0)))
A74: Automatización de pruebas | B74: Los fallos en tests automatizados suelen indicar un defecto real. | D74: =IF(C74="","",INDEX(Listas!$C$2:$C$6,MATCH(C74,Listas!$B$2:$B$6,0))) | E74: DORA Research 2025 — Test Automation
B75: Puedo obtener feedback de los tests automatizados en menos de diez minutos. | D75: =IF(C75="","",INDEX(Listas!$C$2:$C$6,MATCH(C75,Listas!$B$2:$B$6,0)))
B76: Es fácil para los desarrolladores reproducir fallos de tests. | D76: =IF(C76="","",INDEX(Listas!$C$2:$C$6,MATCH(C76,Listas!$B$2:$B$6,0)))
B77: Cuando los tests automatizados pasan, confío en que el software es desplegable. | D77: =IF(C77="","",INDEX(Listas!$C$2:$C$6,MATCH(C77,Listas!$B$2:$B$6,0)))
A79: Gestión de datos de prueba | B79: Tenemos los datos de prueba necesarios para ejecutar nuestros tests automatizados fácilmente en cada etapa. | D79: =IF(C79="","",INDEX(Listas!$C$2:$C$6,MATCH(C79,Listas!$B$2:$B$6,0))) | E79: DORA Research 2025 — Test Automation
B80: Los tests pueden ejecutarse de forma independiente y repetible sin depender de estado compartido mutable. | D80: =IF(C80="","",INDEX(Listas!$C$2:$C$6,MATCH(C80,Listas!$B$2:$B$6,0)))
B81: Los datos de prueba se gestionan de forma que los tests automatizados puedan crear y limpiar sus propios datos. | D81: =IF(C81="","",INDEX(Listas!$C$2:$C$6,MATCH(C81,Listas!$B$2:$B$6,0)))
A83: Control de versiones | B83: Nuestro código de aplicación está en un sistema de control de versiones. | D83: =IF(C83="","",INDEX(Listas!$C$2:$C$6,MATCH(C83,Listas!$B$2:$B$6,0))) | E83: DORA Research 2022 — Version Control
B84: Las configuraciones de nuestra aplicación están en un sistema de control de versiones. | D84: =IF(C84="","",INDEX(Listas!$C$2:$C$6,MATCH(C84,Listas!$B$2:$B$6,0)))
B85: Nuestros scripts para automatizar build y configuración están en un sistema de control de versiones. | D85: =IF(C85="","",INDEX(Listas!$C$2:$C$6,MATCH(C85,Listas!$B$2:$B$6,0)))
B86: Las configuraciones de nuestro sistema están en un sistema de control de versiones. | D86: =IF(C86="","",INDEX(Listas!$C$2:$C$6,MATCH(C86,Listas!$B$2:$B$6,0)))
A88: Bienestar | B88: Desplegar a producción no genera ansiedad significativa en nuestro equipo. | D88: =IF(C88="","",INDEX(Listas!$C$2:$C$6,MATCH(C88,Listas!$B$2:$B$6,0))) | E88: DORA Capabilities Research — Well-being
B89: Dedicamos más tiempo a trabajo proactivo que a retrabajo reactivo e imprevisto. | D89: =IF(C89="","",INDEX(Listas!$C$2:$C$6,MATCH(C89,Listas!$B$2:$B$6,0)))
B90: Las interrupciones y el trabajo no planificado representan una porción menor de nuestro tiempo total de trabajo. | D90: =IF(C90="","",INDEX(Listas!$C$2:$C$6,MATCH(C90,Listas!$B$2:$B$6,0)))
A92: Trabajo en lotes pequeños | B92: Todos los desarrolladores de mi equipo envían código al trunk / rama main al menos una vez al día. | D92: =IF(C92="","",INDEX(Listas!$C$2:$C$6,MATCH(C92,Listas!$B$2:$B$6,0))) | E92: DORA Research 2022 — Trunk-Based Development
B93: Las ramas y forks tienen tiempos de vida muy cortos (menos de un día) antes de fusionarse con la rama principal. | D93: =IF(C93="","",INDEX(Listas!$C$2:$C$6,MATCH(C93,Listas!$B$2:$B$6,0)))
B94: Hay menos de tres ramas activas en el repositorio de código de la aplicación. | D94: =IF(C94="","",INDEX(Listas!$C$2:$C$6,MATCH(C94,Listas!$B$2:$B$6,0)))
A96: RESULTADOS POR CAPACIDAD
A97: Capacidad | B97: Promedio /5 | C97: Nivel
A98: Mantenibilidad del código | B98: =IF(COUNT(D10:D12)=0,"",ROUND(AVERAGE(D10:D12),1)) | C98: =IF(B98="","",IF(B98>=4.5,"Fuerte",IF(B98>=3.5,"Desarrollada",IF(B98>=2.5,"En progreso","Oportunidad de mejora"))))
A99: Entrega continua | B99: =IF(COUNT(D14:D17)=0,"",ROUND(AVERAGE(D14:D17),1)) | C99: =IF(B99="","",IF(B99>=4.5,"Fuerte",IF(B99>=3.5,"Desarrollada",IF(B99>=2.5,"En progreso","Oportunidad de mejora"))))
A100: Integración continua | B100: =IF(COUNT(D19:D22)=0,"",ROUND(AVERAGE(D19:D22),1)) | C100: =IF(B100="","",IF(B100>=4.5,"Fuerte",IF(B100>=3.5,"Desarrollada",IF(B100>=2.5,"En progreso","Oportunidad de mejora"))))
A101: Gestión de cambios en base de datos | B101: =IF(COUNT(D24:D26)=0,"",ROUND(AVERAGE(D24:D26),1)) | C101: =IF(B101="","",IF(B101>=4.5,"Fuerte",IF(B101>=3.5,"Desarrollada",IF(B101>=2.5,"En progreso","Oportunidad de mejora"))))
A102: Automatización de despliegues | B102: =IF(COUNT(D28:D30)=0,"",ROUND(AVERAGE(D28:D30),1)) | C102: =IF(B102="","",IF(B102>=4.5,"Fuerte",IF(B102>=3.5,"Desarrollada",IF(B102>=2.5,"En progreso","Oportunidad de mejora"))))
A103: Calidad de documentación | B103: =IF(COUNT(D32:D35)=0,"",ROUND(AVERAGE(D32:D35),1)) | C103: =IF(B103="","",IF(B103>=4.5,"Fuerte",IF(B103>=3.5,"Desarrollada",IF(B103>=2.5,"En progreso","Oportunidad de mejora"))))
A104: Empoderar equipos para elegir herramientas | B104: =IF(COUNT(D37:D39)=0,"",ROUND(AVERAGE(D37:D39),1)) | C104: =IF(B104="","",IF(B104>=4.5,"Fuerte",IF(B104>=3.5,"Desarrollada",IF(B104>=2.5,"En progreso","Oportunidad de mejora"))))
A105: Infraestructura flexible | B105: =IF(COUNT(D41:D44)=0,"",ROUND(AVERAGE(D41:D44),1)) | C105: =IF(B105="","",IF(B105>=4.5,"Fuerte",IF(B105>=3.5,"Desarrollada",IF(B105>=2.5,"En progreso","Oportunidad de mejora"))))
A106: Cultura organizacional generativa | B106: =IF(COUNT(D46:D49)=0,"",ROUND(AVERAGE(D46:D49),1)) | C106: =IF(B106="","",IF(B106>=4.5,"Fuerte",IF(B106>=3.5,"Desarrollada",IF(B106>=2.5,"En progreso","Oportunidad de mejora"))))
A107: Satisfacción laboral | B107: =IF(COUNT(D51:D53)=0,"",ROUND(AVERAGE(D51:D53),1)) | C107: =IF(B107="","",IF(B107>=4.5,"Fuerte",IF(B107>=3.5,"Desarrollada",IF(B107>=2.5,"En progreso","Oportunidad de mejora"))))
A108: Equipos débilmente acoplados | B108: =IF(COUNT(D55:D58)=0,"",ROUND(AVERAGE(D55:D58),1)) | C108: =IF(B108="","",IF(B108>=4.5,"Fuerte",IF(B108>=3.5,"Desarrollada",IF(B108>=2.5,"En progreso","Oportunidad de mejora"))))
A109: Monitoreo y observabilidad | B109: =IF(COUNT(D60:D63)=0,"",ROUND(AVERAGE(D60:D63),1)) | C109: =IF(B109="","",IF(B109>=4.5,"Fuerte",IF(B109>=3.5,"Desarrollada",IF(B109>=2.5,"En progreso","Oportunidad de mejora"))))
A110: Seguridad integrada | B110: =IF(COUNT(D65:D68)=0,"",ROUND(AVERAGE(D65:D68),1)) | C110: =IF(B110="","",IF(B110>=4.5,"Fuerte",IF(B110>=3.5,"Desarrollada",IF(B110>=2.5,"En progreso","Oportunidad de mejora"))))
A111: Agilizar aprobación de cambios | B111: =IF(COUNT(D70:D72)=0,"",ROUND(AVERAGE(D70:D72),1)) | C111: =IF(B111="","",IF(B111>=4.5,"Fuerte",IF(B111>=3.5,"Desarrollada",IF(B111>=2.5,"En progreso","Oportunidad de mejora"))))
A112: Automatización de pruebas | B112: =IF(COUNT(D74:D77)=0,"",ROUND(AVERAGE(D74:D77),1)) | C112: =IF(B112="","",IF(B112>=4.5,"Fuerte",IF(B112>=3.5,"Desarrollada",IF(B112>=2.5,"En progreso","Oportunidad de mejora"))))
A113: Gestión de datos de prueba | B113: =IF(COUNT(D79:D81)=0,"",ROUND(AVERAGE(D79:D81),1)) | C113: =IF(B113="","",IF(B113>=4.5,"Fuerte",IF(B113>=3.5,"Desarrollada",IF(B113>=2.5,"En progreso","Oportunidad de mejora"))))
A114: Control de versiones | B114: =IF(COUNT(D83:D86)=0,"",ROUND(AVERAGE(D83:D86),1)) | C114: =IF(B114="","",IF(B114>=4.5,"Fuerte",IF(B114>=3.5,"Desarrollada",IF(B114>=2.5,"En progreso","Oportunidad de mejora"))))
A115: Bienestar | B115: =IF(COUNT(D88:D90)=0,"",ROUND(AVERAGE(D88:D90),1)) | C115: =IF(B115="","",IF(B115>=4.5,"Fuerte",IF(B115>=3.5,"Desarrollada",IF(B115>=2.5,"En progreso","Oportunidad de mejora"))))
A116: Trabajo en lotes pequeños | B116: =IF(COUNT(D92:D94)=0,"",ROUND(AVERAGE(D92:D94),1)) | C116: =IF(B116="","",IF(B116>=4.5,"Fuerte",IF(B116>=3.5,"Desarrollada",IF(B116>=2.5,"En progreso","Oportunidad de mejora"))))
A118: Puntuación general /5 | B118: =IF(COUNT(B98,B99,B100,B101,B102,B103,B104,B105,B106,B107,B108,B109,B110,B111,B112,B113,B114,B115,B116)=0,"",ROUND(AVERAGE(B98,B99,B100,B101,B102,B103,B104,B105,B106,B107,B108,B109,B110,B111,B112,B113,B114,B115,B116),1)) | C118: =IF(B118="","",IF(B118>=4.5,"Fuerte",IF(B118>=3.5,"Desarrollada",IF(B118>=2.5,"En progreso","Oportunidad de mejora"))))

Sheet Instrucciones
A1: Instrucciones — Cuestionario Capacidades DORA Core
A3: 1. Ingresa tu nombre completo.
A4: 2. Selecciona la aplicación / servicio desde el combo.
A5: 3. Para cada afirmación, elige una opción Likert en la columna «Respuesta»:
A6: • Totalmente en desacuerdo
A7: • En desacuerdo
A8: • Ni de acuerdo ni en desacuerdo
A9: • De acuerdo
A10: • Totalmente de acuerdo
A11: 4. Los promedios por capacidad y la puntuación general se calculan automáticamente.
A13: Referencia: https://dora.dev/capabilities/
A14: Capacidades incluidas: 19 (modelo DORA Core)
