Workbook

Sheet Listas
A1: Aplicaciones | B1: Opción | C1: Valor | D1: Nivel | E1: Opción | F1: Valor | G1: Nivel | H1: Opción | I1: Valor | J1: Nivel | K1: Opción | L1: Valor | M1: Nivel
A2: App AUNA | B2: Menos de una hora | C2: 5 | D2: Elite | E2: Bajo demanda (varios despliegues al día) | F2: 5 | G2: Elite | H2: 0–15% | I2: 5 | J2: Elite | K2: 0–2% | L2: 5 | M2: Elite
A3: Teleconsulta | B3: Menos de un día | C3: 4 | D3: Alto | E3: Entre una vez por hora y una vez por día | F3: 5 | G3: Elite | H3: 16–30% | I3: 4 | J3: Alto | K3: 3–5% | L3: 4 | M3: Alto
A4: Toyota Hospitalario | B4: Entre un día y una semana | C4: 4 | D4: Alto | E4: Entre una vez por día y una vez por semana | F4: 3 | G4: Alto | H4: 31–45% | I4: 3 | J4: Medio | K4: 6–15% | L4: 3 | M4: Medio
A5: Toyota Ambulatorio | B5: Entre una semana y un mes | C5: 2 | D5: Medio | E5: Entre una vez por semana y una vez por mes | F5: 2 | G5: Medio | H5: 46–60% | I5: 2 | J5: Bajo | K5: 16–25% | L5: 2 | M5: Bajo
A6: Laboratorio | B6: Entre un mes y seis meses | C6: 1 | D6: Medio | E6: Entre una vez por mes y una vez cada seis meses | F6: 1 | G6: Bajo | H6: 61–75% | I6: 1 | J6: Bajo | K6: 26–40% | L6: 1 | M6: Bajo
A7: Portal AUNA ORG | B7: Más de seis meses | C7: 0 | D7: Bajo | E7: Menos de una vez cada seis meses | F7: 0 | G7: Bajo | H7: 76–100% | I7: 0 | J7: Bajo | K7: Más del 40% | L7: 0 | M7: Bajo

Sheet Metricas Monica
A1: Cuestionario de Métricas DORA (Quick Check)
A2: Basado en dora.dev · Selecciona opciones desde los combos desplegables
A4: DATOS DEL EVALUADOR
A5: Nombre completo
A6: Aplicación / Servicio
A8: MÉTRICAS DORA (5 preguntas)
A9: #1 · Throughput | B9: Change lead time (Tiempo de entrega de cambios)
A10: Descripción | B10: Tiempo desde que el código se confirma hasta que se ejecuta correctamente en producción.
A11: Respuesta ▼
A13: #2 · Throughput | B13: Deployment frequency (Frecuencia de despliegue)
A14: Descripción | B14: Frecuencia con la que la organización despliega código a producción o lo libera a usuarios finales.
A15: Respuesta ▼
A17: #3 · Throughput | B17: Failed deployment recovery time (Tiempo de recuperación)
A18: Descripción | B18: Tiempo para restaurar el servicio cuando un cambio en producción lo degrada y requiere remediación.
A19: Respuesta ▼
A21: #4 · Estabilidad | B21: Change fail rate (Tasa de fallo de cambios)
A22: Descripción | B22: Porcentaje de cambios a producción que resultan en servicio degradado y requieren remediación.
A23: Respuesta ▼
A25: #5 · Estabilidad | B25: Deployment rework rate (Tasa de retrabajo)
A26: Descripción | B26: Porcentaje de despliegues no planificados en los últimos 6 meses para corregir bugs visibles al usuario.
A27: Respuesta ▼
A29: RESULTADOS (calculados automáticamente)
A30: Métrica | B30: Puntuación /10 | C30: Nivel
A31: Change lead time | B31: =IF(B11="","",ROUND(INDEX(Listas!$C$2:$C$7,MATCH(B11,Listas!$B$2:$B$7,0))/5*10,1)) | C31: =IF(B11="","",INDEX(Listas!$D$2:$D$7,MATCH(B11,Listas!$B$2:$B$7,0)))
A32: Deployment frequency | B32: =IF(B15="","",ROUND(INDEX(Listas!$F$2:$F$7,MATCH(B15,Listas!$E$2:$E$7,0))/5*10,1)) | C32: =IF(B15="","",INDEX(Listas!$G$2:$G$7,MATCH(B15,Listas!$E$2:$E$7,0)))
A33: Failed deployment recovery time | B33: =IF(B19="","",ROUND(INDEX(Listas!$C$2:$C$7,MATCH(B19,Listas!$B$2:$B$7,0))/5*10,1)) | C33: =IF(B19="","",INDEX(Listas!$D$2:$D$7,MATCH(B19,Listas!$B$2:$B$7,0)))
A34: Change fail rate | B34: =IF(B23="","",ROUND(INDEX(Listas!$I$2:$I$7,MATCH(B23,Listas!$H$2:$H$7,0))/5*10,1)) | C34: =IF(B23="","",INDEX(Listas!$J$2:$J$7,MATCH(B23,Listas!$H$2:$H$7,0)))
A35: Deployment rework rate | B35: =IF(B27="","",ROUND(INDEX(Listas!$L$2:$L$7,MATCH(B27,Listas!$K$2:$K$7,0))/5*10,1)) | C35: =IF(B27="","",INDEX(Listas!$M$2:$M$7,MATCH(B27,Listas!$K$2:$K$7,0)))
A37: Rendimiento general /10 | B37: =IF(COUNT(B31:B35)=0,"",ROUND(AVERAGE(B31:B35),1))
A38: Throughput /10 | B38: =IF(COUNT(B31:B33)=0,"",ROUND(AVERAGE(B31:B33),1))
A39: Estabilidad /10 | B39: =IF(COUNT(B34:B35)=0,"",ROUND(AVERAGE(B34:B35),1))

Sheet Metricas Anthony
A1: Cuestionario de Métricas DORA (Quick Check)
A2: Basado en dora.dev · Selecciona opciones desde los combos desplegables
A4: DATOS DEL EVALUADOR
A5: Nombre completo | B5: Anthony
A6: Aplicación / Servicio
A8: MÉTRICAS DORA (5 preguntas)
A9: #1 · Throughput | B9: Change lead time (Tiempo de entrega de cambios)
A10: Descripción | B10: Tiempo desde que el código se confirma hasta que se ejecuta correctamente en producción.
A11: Respuesta ▼
A13: #2 · Throughput | B13: Deployment frequency (Frecuencia de despliegue)
A14: Descripción | B14: Frecuencia con la que la organización despliega código a producción o lo libera a usuarios finales.
A15: Respuesta ▼
A17: #3 · Throughput | B17: Failed deployment recovery time (Tiempo de recuperación)
A18: Descripción | B18: Tiempo para restaurar el servicio cuando un cambio en producción lo degrada y requiere remediación.
A19: Respuesta ▼
A21: #4 · Estabilidad | B21: Change fail rate (Tasa de fallo de cambios)
A22: Descripción | B22: Porcentaje de cambios a producción que resultan en servicio degradado y requieren remediación.
A23: Respuesta ▼
A25: #5 · Estabilidad | B25: Deployment rework rate (Tasa de retrabajo)
A26: Descripción | B26: Porcentaje de despliegues no planificados en los últimos 6 meses para corregir bugs visibles al usuario.
A27: Respuesta ▼
A29: RESULTADOS (calculados automáticamente)
A30: Métrica | B30: Puntuación /10 | C30: Nivel
A31: Change lead time | B31: =IF(B11="","",ROUND(INDEX(Listas!$C$2:$C$7,MATCH(B11,Listas!$B$2:$B$7,0))/5*10,1)) | C31: =IF(B11="","",INDEX(Listas!$D$2:$D$7,MATCH(B11,Listas!$B$2:$B$7,0)))
A32: Deployment frequency | B32: =IF(B15="","",ROUND(INDEX(Listas!$F$2:$F$7,MATCH(B15,Listas!$E$2:$E$7,0))/5*10,1)) | C32: =IF(B15="","",INDEX(Listas!$G$2:$G$7,MATCH(B15,Listas!$E$2:$E$7,0)))
A33: Failed deployment recovery time | B33: =IF(B19="","",ROUND(INDEX(Listas!$C$2:$C$7,MATCH(B19,Listas!$B$2:$B$7,0))/5*10,1)) | C33: =IF(B19="","",INDEX(Listas!$D$2:$D$7,MATCH(B19,Listas!$B$2:$B$7,0)))
A34: Change fail rate | B34: =IF(B23="","",ROUND(INDEX(Listas!$I$2:$I$7,MATCH(B23,Listas!$H$2:$H$7,0))/5*10,1)) | C34: =IF(B23="","",INDEX(Listas!$J$2:$J$7,MATCH(B23,Listas!$H$2:$H$7,0)))
A35: Deployment rework rate | B35: =IF(B27="","",ROUND(INDEX(Listas!$L$2:$L$7,MATCH(B27,Listas!$K$2:$K$7,0))/5*10,1)) | C35: =IF(B27="","",INDEX(Listas!$M$2:$M$7,MATCH(B27,Listas!$K$2:$K$7,0)))
A37: Rendimiento general /10 | B37: =IF(COUNT(B31:B35)=0,"",ROUND(AVERAGE(B31:B35),1))
A38: Throughput /10 | B38: =IF(COUNT(B31:B33)=0,"",ROUND(AVERAGE(B31:B33),1))
A39: Estabilidad /10 | B39: =IF(COUNT(B34:B35)=0,"",ROUND(AVERAGE(B34:B35),1))

Sheet Metricas Gerson
A1: Cuestionario de Métricas DORA (Quick Check)
A2: Basado en dora.dev · Selecciona opciones desde los combos desplegables
A4: DATOS DEL EVALUADOR
A5: Nombre completo | B5: Gerson
A6: Aplicación / Servicio
A8: MÉTRICAS DORA (5 preguntas)
A9: #1 · Throughput | B9: Change lead time (Tiempo de entrega de cambios)
A10: Descripción | B10: Tiempo desde que el código se confirma hasta que se ejecuta correctamente en producción.
A11: Respuesta ▼
A13: #2 · Throughput | B13: Deployment frequency (Frecuencia de despliegue)
A14: Descripción | B14: Frecuencia con la que la organización despliega código a producción o lo libera a usuarios finales.
A15: Respuesta ▼
A17: #3 · Throughput | B17: Failed deployment recovery time (Tiempo de recuperación)
A18: Descripción | B18: Tiempo para restaurar el servicio cuando un cambio en producción lo degrada y requiere remediación.
A19: Respuesta ▼
A21: #4 · Estabilidad | B21: Change fail rate (Tasa de fallo de cambios)
A22: Descripción | B22: Porcentaje de cambios a producción que resultan en servicio degradado y requieren remediación.
A23: Respuesta ▼
A25: #5 · Estabilidad | B25: Deployment rework rate (Tasa de retrabajo)
A26: Descripción | B26: Porcentaje de despliegues no planificados en los últimos 6 meses para corregir bugs visibles al usuario.
A27: Respuesta ▼
A29: RESULTADOS (calculados automáticamente)
A30: Métrica | B30: Puntuación /10 | C30: Nivel
A31: Change lead time | B31: =IF(B11="","",ROUND(INDEX(Listas!$C$2:$C$7,MATCH(B11,Listas!$B$2:$B$7,0))/5*10,1)) | C31: =IF(B11="","",INDEX(Listas!$D$2:$D$7,MATCH(B11,Listas!$B$2:$B$7,0)))
A32: Deployment frequency | B32: =IF(B15="","",ROUND(INDEX(Listas!$F$2:$F$7,MATCH(B15,Listas!$E$2:$E$7,0))/5*10,1)) | C32: =IF(B15="","",INDEX(Listas!$G$2:$G$7,MATCH(B15,Listas!$E$2:$E$7,0)))
A33: Failed deployment recovery time | B33: =IF(B19="","",ROUND(INDEX(Listas!$C$2:$C$7,MATCH(B19,Listas!$B$2:$B$7,0))/5*10,1)) | C33: =IF(B19="","",INDEX(Listas!$D$2:$D$7,MATCH(B19,Listas!$B$2:$B$7,0)))
A34: Change fail rate | B34: =IF(B23="","",ROUND(INDEX(Listas!$I$2:$I$7,MATCH(B23,Listas!$H$2:$H$7,0))/5*10,1)) | C34: =IF(B23="","",INDEX(Listas!$J$2:$J$7,MATCH(B23,Listas!$H$2:$H$7,0)))
A35: Deployment rework rate | B35: =IF(B27="","",ROUND(INDEX(Listas!$L$2:$L$7,MATCH(B27,Listas!$K$2:$K$7,0))/5*10,1)) | C35: =IF(B27="","",INDEX(Listas!$M$2:$M$7,MATCH(B27,Listas!$K$2:$K$7,0)))
A37: Rendimiento general /10 | B37: =IF(COUNT(B31:B35)=0,"",ROUND(AVERAGE(B31:B35),1))
A38: Throughput /10 | B38: =IF(COUNT(B31:B33)=0,"",ROUND(AVERAGE(B31:B33),1))
A39: Estabilidad /10 | B39: =IF(COUNT(B34:B35)=0,"",ROUND(AVERAGE(B34:B35),1))

Sheet Metricas Fredy
A1: Cuestionario de Métricas DORA (Quick Check)
A2: Basado en dora.dev · Selecciona opciones desde los combos desplegables
A4: DATOS DEL EVALUADOR
A5: Nombre completo | B5: Freddy
A6: Aplicación / Servicio
A8: MÉTRICAS DORA (5 preguntas)
A9: #1 · Throughput | B9: Change lead time (Tiempo de entrega de cambios)
A10: Descripción | B10: Tiempo desde que el código se confirma hasta que se ejecuta correctamente en producción.
A11: Respuesta ▼
A13: #2 · Throughput | B13: Deployment frequency (Frecuencia de despliegue)
A14: Descripción | B14: Frecuencia con la que la organización despliega código a producción o lo libera a usuarios finales.
A15: Respuesta ▼
A17: #3 · Throughput | B17: Failed deployment recovery time (Tiempo de recuperación)
A18: Descripción | B18: Tiempo para restaurar el servicio cuando un cambio en producción lo degrada y requiere remediación.
A19: Respuesta ▼
A21: #4 · Estabilidad | B21: Change fail rate (Tasa de fallo de cambios)
A22: Descripción | B22: Porcentaje de cambios a producción que resultan en servicio degradado y requieren remediación.
A23: Respuesta ▼
A25: #5 · Estabilidad | B25: Deployment rework rate (Tasa de retrabajo)
A26: Descripción | B26: Porcentaje de despliegues no planificados en los últimos 6 meses para corregir bugs visibles al usuario.
A27: Respuesta ▼
A29: RESULTADOS (calculados automáticamente)
A30: Métrica | B30: Puntuación /10 | C30: Nivel
A31: Change lead time | B31: =IF(B11="","",ROUND(INDEX(Listas!$C$2:$C$7,MATCH(B11,Listas!$B$2:$B$7,0))/5*10,1)) | C31: =IF(B11="","",INDEX(Listas!$D$2:$D$7,MATCH(B11,Listas!$B$2:$B$7,0)))
A32: Deployment frequency | B32: =IF(B15="","",ROUND(INDEX(Listas!$F$2:$F$7,MATCH(B15,Listas!$E$2:$E$7,0))/5*10,1)) | C32: =IF(B15="","",INDEX(Listas!$G$2:$G$7,MATCH(B15,Listas!$E$2:$E$7,0)))
A33: Failed deployment recovery time | B33: =IF(B19="","",ROUND(INDEX(Listas!$C$2:$C$7,MATCH(B19,Listas!$B$2:$B$7,0))/5*10,1)) | C33: =IF(B19="","",INDEX(Listas!$D$2:$D$7,MATCH(B19,Listas!$B$2:$B$7,0)))
A34: Change fail rate | B34: =IF(B23="","",ROUND(INDEX(Listas!$I$2:$I$7,MATCH(B23,Listas!$H$2:$H$7,0))/5*10,1)) | C34: =IF(B23="","",INDEX(Listas!$J$2:$J$7,MATCH(B23,Listas!$H$2:$H$7,0)))
A35: Deployment rework rate | B35: =IF(B27="","",ROUND(INDEX(Listas!$L$2:$L$7,MATCH(B27,Listas!$K$2:$K$7,0))/5*10,1)) | C35: =IF(B27="","",INDEX(Listas!$M$2:$M$7,MATCH(B27,Listas!$K$2:$K$7,0)))
A37: Rendimiento general /10 | B37: =IF(COUNT(B31:B35)=0,"",ROUND(AVERAGE(B31:B35),1))
A38: Throughput /10 | B38: =IF(COUNT(B31:B33)=0,"",ROUND(AVERAGE(B31:B33),1))
A39: Estabilidad /10 | B39: =IF(COUNT(B34:B35)=0,"",ROUND(AVERAGE(B34:B35),1))

Sheet Metricas Jose
A1: Cuestionario de Métricas DORA (Quick Check)
A2: Basado en dora.dev · Selecciona opciones desde los combos desplegables
A4: DATOS DEL EVALUADOR
A5: Nombre completo | B5: Jose
A6: Aplicación / Servicio
A8: MÉTRICAS DORA (5 preguntas)
A9: #1 · Throughput | B9: Change lead time (Tiempo de entrega de cambios)
A10: Descripción | B10: Tiempo desde que el código se confirma hasta que se ejecuta correctamente en producción.
A11: Respuesta ▼
A13: #2 · Throughput | B13: Deployment frequency (Frecuencia de despliegue)
A14: Descripción | B14: Frecuencia con la que la organización despliega código a producción o lo libera a usuarios finales.
A15: Respuesta ▼
A17: #3 · Throughput | B17: Failed deployment recovery time (Tiempo de recuperación)
A18: Descripción | B18: Tiempo para restaurar el servicio cuando un cambio en producción lo degrada y requiere remediación.
A19: Respuesta ▼
A21: #4 · Estabilidad | B21: Change fail rate (Tasa de fallo de cambios)
A22: Descripción | B22: Porcentaje de cambios a producción que resultan en servicio degradado y requieren remediación.
A23: Respuesta ▼
A25: #5 · Estabilidad | B25: Deployment rework rate (Tasa de retrabajo)
A26: Descripción | B26: Porcentaje de despliegues no planificados en los últimos 6 meses para corregir bugs visibles al usuario.
A27: Respuesta ▼
A29: RESULTADOS (calculados automáticamente)
A30: Métrica | B30: Puntuación /10 | C30: Nivel
A31: Change lead time | B31: =IF(B11="","",ROUND(INDEX(Listas!$C$2:$C$7,MATCH(B11,Listas!$B$2:$B$7,0))/5*10,1)) | C31: =IF(B11="","",INDEX(Listas!$D$2:$D$7,MATCH(B11,Listas!$B$2:$B$7,0)))
A32: Deployment frequency | B32: =IF(B15="","",ROUND(INDEX(Listas!$F$2:$F$7,MATCH(B15,Listas!$E$2:$E$7,0))/5*10,1)) | C32: =IF(B15="","",INDEX(Listas!$G$2:$G$7,MATCH(B15,Listas!$E$2:$E$7,0)))
A33: Failed deployment recovery time | B33: =IF(B19="","",ROUND(INDEX(Listas!$C$2:$C$7,MATCH(B19,Listas!$B$2:$B$7,0))/5*10,1)) | C33: =IF(B19="","",INDEX(Listas!$D$2:$D$7,MATCH(B19,Listas!$B$2:$B$7,0)))
A34: Change fail rate | B34: =IF(B23="","",ROUND(INDEX(Listas!$I$2:$I$7,MATCH(B23,Listas!$H$2:$H$7,0))/5*10,1)) | C34: =IF(B23="","",INDEX(Listas!$J$2:$J$7,MATCH(B23,Listas!$H$2:$H$7,0)))
A35: Deployment rework rate | B35: =IF(B27="","",ROUND(INDEX(Listas!$L$2:$L$7,MATCH(B27,Listas!$K$2:$K$7,0))/5*10,1)) | C35: =IF(B27="","",INDEX(Listas!$M$2:$M$7,MATCH(B27,Listas!$K$2:$K$7,0)))
A37: Rendimiento general /10 | B37: =IF(COUNT(B31:B35)=0,"",ROUND(AVERAGE(B31:B35),1))
A38: Throughput /10 | B38: =IF(COUNT(B31:B33)=0,"",ROUND(AVERAGE(B31:B33),1))
A39: Estabilidad /10 | B39: =IF(COUNT(B34:B35)=0,"",ROUND(AVERAGE(B34:B35),1))
